url,title,doc_type,authority,licence_note,verified_date
https://www.mca.gov.in/,MCA Portal,guideline,MCA,Government website,2024-01-15
https://www.incometax.gov.in/,Income Tax Portal,guideline,Income Tax Department,Government website,2024-01-15
https://udyamregistration.gov.in/,Udyam Registration Portal,guideline,Ministry of MSME,Government website,2024-01-15
https://www.gst.gov.in/,GST Portal,guideline,GSTN,Government website,2024-01-15
https://mahagst.gov.in/,Maharashtra GST Portal,guideline,Maharashtra Govt,Government website,2024-01-15
https://mahaonline.gov.in/,MahaOnline Portal,guideline,Maharashtra Govt,Government website,2024-01-15
https://portal.mcgm.gov.in/,MCGM Portal,guideline,MCGM,Government website,2024-01-15
https://mpcb.gov.in/,MPCB Portal,guideline,MPCB,Government website,2024-01-15
https://www.bis.gov.in/,BIS Portal,standard,BIS,Government website,2024-01-15
https://consumeraffairs.nic.in/,Consumer Affairs Portal,guideline,Legal Metrology Dept,Government website,2024-01-15
https://igrmaharashtra.gov.in/,IGR Maharashtra,guideline,Maharashtra Govt,Government website,2024-01-15