requirement_id,depends_on
pan,business_structure_choice
udyam_registration,pan
gst_registration,pan
maharashtra_professional_tax,pan
premises_licence_maharashtra,udyam_registration
mumbai_trade_licence,premises_licence_maharashtra
pollution_control_consent,premises_licence_maharashtra
bis_standard_identification,udyam_registration
bis_certification_check,bis_standard_identification
bis_testing,bis_standard_identification
bis_lab_search,bis_testing
bis_scheme_application,bis_certification_check
bis_scheme_application,bis_testing
bis_scheme_application,bis_lab_search
legal_metrology_packaged_goods,bis_scheme_application