id,title,category,phase,authority,description,procedure_steps,documents_required,apply_url,status_url,source_url,source_quote,last_verified_at,priority
business_structure_choice,Choose Business Structure,Setup,Setup,MCA,Select appropriate business structure (Proprietorship/Partnership/LLP/Private Limited),"[{""step"": 1, ""description"": ""Evaluate business structures""}, {""step"": 2, ""description"": ""Register chosen structure""}]","PAN, Aadhaar, Address Proof",https://www.mca.gov.in/,https://www.mca.gov.in/mcafoportal/viewCompanyMasterData.do,https://www.mca.gov.in/,"Choose the right business structure based on liability, compliance, and taxation",2024-01-15,HIGH
pan,PAN of Proprietor,Setup,Setup,Income Tax Department,Obtain PAN for the proprietor,"[{""step"": 1, ""description"": ""Apply online via NSDL/UTIITSL""}]","PAN Application Form, Identity Proof, Address Proof",https://www.onlineservices.nsdl.com/paam/endUserRegisterContact.html,https://www.incometax.gov.in/,https://www.incometax.gov.in/iec/foportal/,"PAN is mandatory for all business entities",2024-01-15,HIGH
udyam_registration,Udyam (MSME) Registration,Setup,Setup,Ministry of MSME,Register as MSME to avail benefits,"[{""step"": 1, ""description"": ""Register on Udyam portal with Aadhaar""}]","Aadhaar, PAN, Business Address",https://udyamregistration.gov.in/,https://udyamregistration.gov.in/,https://udyamregistration.gov.in/,"Udyam registration is free and paperless",2024-01-15,HIGH
gst_registration,GST Registration,Tax,Tax,GSTN,Register for GST if turnover exceeds threshold or inter-state supply,"[{""step"": 1, ""description"": ""Apply on GST portal""}, {""step"": 2, ""description"": ""Verification by officer""}]","PAN, Aadhaar, Business Registration Proof, Address Proof, Bank Details",https://www.gst.gov.in/,https://www.gst.gov.in/,https://www.gst.gov.in/,"GST registration mandatory for turnover > 40 lakhs (goods) / 20 lakhs (services)",2024-01-15,HIGH
maharashtra_professional_tax,Maharashtra Professional Tax Registration,Tax,Tax,Maharashtra Govt,Register for Professional Tax if employing staff,"[{""step"": 1, ""description"": ""Register on MahaGST portal""}]","PAN, Address Proof, Employee Details",https://mahagst.gov.in/,https://mahagst.gov.in/,https://mahagst.gov.in/,"Professional tax applicable for employers in Maharashtra",2024-01-15,MEDIUM
premises_licence_maharashtra,Premises Licence (Shop/Establishment or Factory),Local,Local,Maharashtra Govt,Obtain Shop & Establishment or Factory Licence based on premises type,"[{""step"": 1, ""description"": ""Apply on MahaOnline portal""}]","Business Registration, Address Proof, NOC from Owner, Layout Plan",https://mahaonline.gov.in/,https://mahaonline.gov.in/,https://mahaonline.gov.in/,"Factory licence required for manufacturing units with 10+ workers (power) or 20+ workers (no power)",2024-01-15,HIGH
mumbai_trade_licence,Mumbai Trade Licence,Local,Local,MCGM,Obtain Trade Licence from MCGM for business in Mumbai,"[{""step"": 1, ""description"": ""Apply on MCGM portal""}]","Business Registration, Address Proof, NOC, Layout Plan",https://portal.mcgm.gov.in/,https://portal.mcgm.gov.in/,https://portal.mcgm.gov.in/,"Trade licence mandatory for all businesses in Mumbai",2024-01-15,HIGH
pollution_control_consent,Pollution Control Consent,Local,Local,MPCB,Obtain Consent to Establish/Operate from MPCB if process category requires,"[{""step"": 1, ""description"": ""Apply on MPCB portal""}, {""step"": 2, ""description"": ""Inspection by MPCB""}]","Business Registration, Layout Plan, Process Details, ETP Details",https://mpcb.gov.in/,https://mpcb.gov.in/,https://mpcb.gov.in/,"Consent required for red/orange category industries",2024-01-15,HIGH
bis_standard_identification,Identify Applicable BIS Standard,BIS,BIS,BIS,Identify the applicable Indian Standard for the product,"[{""step"": 1, ""description"": ""Search BIS catalogue""}, {""step"": 2, ""description"": ""Verify scope applicability""}]","Product Specifications, Material Composition",https://www.bis.gov.in/,https://www.bis.gov.in/,https://www.bis.gov.in/,"Correct standard identification is critical for compliance",2024-01-15,CRITICAL
bis_certification_check,Check BIS Certification Requirement,BIS,BIS,BIS,Determine if BIS certification is mandatory (QCO) or voluntary,"[{""step"": 1, ""description"": ""Check QCO notifications""}, {""step"": 2, ""description"": ""Verify scheme applicability""}]","Product Category, Standard Number",https://www.bis.gov.in/,https://www.bis.gov.in/,https://www.bis.gov.in/,"Mandatory certification under QCO cannot be skipped",2024-01-15,CRITICAL
bis_testing,Required Tests from Standard Clauses,BIS,BIS,BIS,Identify required tests from the standard's clauses,"[{""step"": 1, ""description"": ""Review standard clauses""}, {""step"": 2, ""description"": ""Identify test parameters""}]","Standard Document, Product Samples",https://www.bis.gov.in/,https://www.bis.gov.in/,https://www.bis.gov.in/,"Tests must be conducted at BIS-recognized labs",2024-01-15,HIGH
bis_lab_search,Find Recognized Testing Labs,BIS,BIS,BIS,Find BIS-recognized labs in the state for required tests,"[{""step"": 1, ""description"": ""Search BIS lab directory""}]","Test Requirements, Location Preference",https://www.bis.gov.in/,https://www.bis.gov.in/,https://www.bis.gov.in/,"Only BIS-recognized labs can issue valid test reports",2024-01-15,HIGH
bis_scheme_application,Apply for BIS Licence,BIS,BIS,BIS,Apply for BIS licence (ISI/CRS/Hallmarking) with required documents and fees,"[{""step"": 1, ""description"": ""Prepare application""}, {""step"": 2, ""description"": ""Submit with test reports""}, {""step"": 3, ""description"": ""Factory inspection""}, {""step"": 4, ""description"": ""Licence grant""}]","Application Form, Test Reports, Factory Details, Quality Manual",https://www.bis.gov.in/,https://www.bis.gov.in/,https://www.bis.gov.in/,"Licence granted after factory inspection and test report verification",2024-01-15,CRITICAL
legal_metrology_packaged_goods,Legal Metrology Declarations for Packaged Goods,Sales,Sales,Legal Metrology Dept,Make declarations on packaged goods as per Legal Metrology Rules,"[{""step"": 1, ""description"": ""Prepare declarations""}, {""step"": 2, ""description"": ""Apply on state portal""}]","Product Details, MRP, Net Quantity, Manufacturer Details",https://consumeraffairs.nic.in/,https://consumeraffairs.nic.in/,https://consumeraffairs.nic.in/,"Declarations mandatory for all pre-packaged commodities",2024-01-15,MEDIUM